Specimen No.,Year,Era,Species,Scent Morph,Date,Location,State,Altitude (m),Altitude (ft),Habitat (NMS),Habitat-description,Collector,Mounted?,Notes,NMS NOTES,Photos taken?,Corolla.Flare_1,Sepal.Length_1,Tube.Length_1,Lobe.Length_1,Lobe.Width_1,Notes,NMS NOTES,Dissected?,No.PVgrains_stigma,No.PVgrains_off,No.OtherGrains,No.OtherTypes,Notes,No.PVgrains_stigma,No.PVgrains_off,No.OtherGrains,No.OtherTypes,Notes,,flrln,flrwd,no.flr.counted,conmean,hetmean,purity,Flower,Focal Count,Foreign Count,Flower,Focal Count,Foreign Count,Flower,Focal Count,Foreign Count,Notes
#2-2-29,1985,past,Polemonium viscosum,Skunky,6/25/85,Cumberland Pass,Colorado,3710,"12,175",high alpine,,Candace Galen,yes,,*1st PRIORITY,yes,0.96,1.962,1.498,0.718,0.535,,*2nd PRIORITY,yes,81,4,291,3,,,,,,,,,,,,,,,,,,,,,,,
31,1985,past,Polemonium viscosum,Skunky,6/25/85,Cumberland Pass,Colorado,3710,"12,175",high alpine,,Candace Galen,yes,,*1st PRIORITY,yes,0.533,1.551,1.115,0.386,0.389,,*2nd PRIORITY,yes,49,0,42,2,,,,,,,,,,,,,,,,,,,,,,,
32,1985,past,Polemonium viscosum,Skunky,6/25/85,Cumberland Pass,Colorado,3710,"12,175",high alpine,,Candace Galen,yes,,*1st PRIORITY,yes,1.134,2.831,2.014,0.725,0.584,,*2nd PRIORITY,yes,101,9,625,6,,,,,,,,,,,,,,,,,,,,,,,
29,1985,past,Polemonium viscosum,Skunky,6/25/85,Cumberland Pass,Colorado,3710,"12,175",high alpine,,Candace Galen,no, 2 stigmas already removed & counted,*2nd PRIORITY,yes,1.04,1.06,1.42,0.69,0.72,took picture of only the flower,*3rd PRIORITY count Carlie's slides,Carlie,73,0,312,5,,10,1,6,2,,,18.92,9.44,2,26.5,8,0.768116,1,43,10,2,10,6,,,,
33,1985,past,Polemonium viscosum,Skunky,6/25/85,Cumberland Pass,Colorado,3710,"12,175",high alpine,,Candace Galen,no, 2 stigmas already removed & counted,*2nd PRIORITY,yes,1.24,1.51,2.08,0.86,0.74,,*3rd PRIORITY count Carlie's slides,Carlie,22,2,150,4,,25,0,368,6,,,25.4,13.57,2,22.5,157.5,0.125,1,21,95,2,24,220,,,,
35,1985,past,Polemonium viscosum,Skunky,6/25/85,Cumberland Pass,Colorado,3710,"12,175",high alpine,,Candace Galen,no, 2 stigmas already removed & counted,*2nd PRIORITY,yes,1.34,1.39,1.91,0.68,0.78,,*3rd PRIORITY count Carlie's slides,Carlie,27,0,145,4,,6,1,57,3,,,26.38,13.48,2,16.5,60.5,0.214286,1,27,95,2,6,26,,,,
#2-1-39,1985,past,Polemonium viscosum,Skunky,6/25/85,Cumberland Pass,Colorado,3620,"11,875",krummholz,,Candace Galen,yes,,*1st PRIORITY,yes,0.936,2.224,1.521,0.734,0.549,,*2nd PRIORITY,yes,66,20,256,5,,,,,,,,,,,,,,,,,,,,,,,
36,1985,past,Polemonium viscosum,Skunky,6/25/85,Cumberland Pass,Colorado,3620,"11,875",krummholz,,Candace Galen,no,,*1st PRIORITY,yes,1.316,2.764,1.894,0.868,0.725,"there were only two flowers left from the plant, it has mostly fallen apart",*2nd PRIORITY,no,NA,NA,NA,NA,no flowers - seeds counted,,,,,,,,,,,,,,,,,,,,,,
37,1985,past,Polemonium viscosum,Skunky,6/25/85,Cumberland Pass,Colorado,3620,"11,875",krummholz,,Candace Galen,yes,,*1st PRIORITY,yes,0.781,2.272,1.688,0.67,0.604,,*2nd PRIORITY,yes,166,2304,267,2,,,,,,,,,,,,,,,,,,,,,,,
44,1985,past,Polemonium viscosum,Skunky,6/25/85,Cumberland Pass,Colorado,3620,"11,875",krummholz,,Candace Galen,no,,*1st PRIORITY,yes,0.84,1.32,1.84,0.73,0.53,flowers detached from stem,*2nd PRIORITY,no,1,156,1,1,,,,,,,,,,,,,,,,,,,,,,,
45,1985,past,Polemonium viscosum,Skunky,6/25/85,Cumberland Pass,Colorado,3620,"11,875",krummholz,,Candace Galen,yes,,*1st PRIORITY,yes,0.69,1.07,1.54,0.58,0.56,,*2nd PRIORITY,yes,5,126,36,3,,,,,,,,,,,,,,,,,,,,,,,
#4-3-4,1985,past,Polemonium viscosum,Skunky,7/8/85,Niwot Ridge,Colorado,3750,"12,300",high alpine,"D station, tundra ridge",Candace Galen,yes,,*1st PRIORITY,yes,1.24,1.32,1.75,0.82,0.85,,*2nd PRIORITY,yes,537,92,53,4,,,,,,,,,,,,,,,,,,,,,,,
5,1985,past,Polemonium viscosum,Skunky,7/8/85,Niwot Ridge,Colorado,3750,"12,300",high alpine,,Candace Galen,yes,,*1st PRIORITY,yes,1.26,1.32,1.53,0.77,0.57,,*2nd PRIORITY,yes,92,8,46,5,,,,,,taken off plant furthest to the left (when viewing),,,,,,,,,,,,,,,,,
9,1985,past,Polemonium viscosum,Skunky,7/8/85,Niwot Ridge,Colorado,3750,"12,300",high alpine,,Candace Galen,yes,,*1st PRIORITY,yes,1.32,1.3,1.79,0.65,0.49,,*2nd PRIORITY,,462,165,119,8,,,,,,,,,,,,,,,,,,,,,,,
10,1985,past,Polemonium viscosum,Skunky,7/8/85,Niwot Ridge,Colorado,3750,"12,300",high alpine,,Candace Galen,no, 2 stigmas already removed & counted,*2nd PRIORITY,yes,1.31,1.29,1.59,0.73,0.53,,*3rd PRIORITY count Carlie's slides,Carlie,55,2,43,2,,14,0,213,4,,,26.77,14.98,2,32,72.5,0.30622,1,52,16,2,12,129,,,,
11,1985,past,Polemonium viscosum,Skunky,7/8/85,Niwot Ridge,Colorado,3750,"12,300",high alpine,,Candace Galen,no, 2 stigmas already removed & counted,*2nd PRIORITY,yes,0.91,1.26,1.73,0.67,0.56,,*3rd PRIORITY count Carlie's slides,Carlie,11,0,108,5,,0,0,0,0,,,26.44,16.12,2,6,57.5,0.094488,1,12,115,2,0,0,,,,
19,1985,past,Polemonium viscosum,Skunky,7/8/85,Niwot Ridge,Colorado,3660,"12,000",krummholz,,Candace Galen,yes,,*1st PRIORITY,yes,0.853,2.192,1.526,0.669,0.496,,*2nd PRIORITY,yes,281,1,411,3,Redo,,,,,,,,,,,,,,,,,,,,,,
#4-2-13,1985,past,Polemonium viscosum,Skunky,7/8/85,Niwot Ridge,Colorado,3660,"12,000",krummholz,"dry, east-facing riddge, low tundra",Candace Galen,yes,,*1st PRIORITY,yes,1.29,1.35,2.17,0.65,0.62,,*2nd PRIORITY,yes,NA,NA,NA,NA,no flowers,,,,,,,,,,,,,,,,,,,,,,
15,1985,past,Polemonium viscosum,Skunky,7/8/85,Niwot Ridge,Colorado,3660,"12,000",krummholz,,Candace Galen,no, 2 stigmas already removed & counted,*2nd PRIORITY,yes,1.46,1.43,1.56,0.83,0.55,,*3rd PRIORITY count Carlie's slides,Carlie,12,0,1,1,,30,0,4,1,,,26.39,11.75,2,21.5,2,0.914894,1,12,0,2,31,4,,,,
20,1985,past,Polemonium viscosum,Skunky,7/8/85,Niwot Ridge,Colorado,3660,"12,000",krummholz,,Candace Galen,no, 1 stigmas already removed & counted,*2nd PRIORITY,yes,0.88,1.36,1.92,0.59,0.42,,*3rd PRIORITY count Carlie's slides,Carlie,30,0,321,4,only one slide,,NA,NA,NA,,,23.74,12,1,29,246,0.105455,1,29,246,,,,,,,
14,1985,past,Polemonium viscosum,Skunky,7/4/85,Penn Mountain,Colorado,3950,"12,950",high alpine,,Candace Galen,yes,,*1st PRIORITY,yes,1.088,2.412,1.736,0.654,0.598,,*2nd PRIORITY,yes,169,15,150,4,,,,,,,,,,,,,,,,,,,,,,,
16,1985,past,Polemonium viscosum,Skunky,7/4/85,Penn Mountain,Colorado,3950,"12,950",high alpine,,Candace Galen,yes,,*1st PRIORITY,yes,0.894,2.527,1.739,0.829,0.662,,*2nd PRIORITY,yes,174,40,656,7,,,,,,,,,,,,,,,,,,,,,,,
#3-5-6,1985,past,Polemonium viscosum,Skunky,7/4/85,Penn Mountain,Colorado,3960,"12,992",high alpine,"Summit, tundra",Candace Galen,yes,,*1st PRIORITY,yes,1,1.965,1.439,0.56,0.475,,*2nd PRIORITY,yes,10,20,26,4,,,,,,,,,,,,,,,,,,,,,,,
7,1985,past,Polemonium viscosum,Skunky,7/4/85,Penn Mountain,Colorado,4025,"13,200",high alpine,,Candace Galen,yes,,*1st PRIORITY,yes,0.98,1.16,1.28,0,0.54,,*2nd PRIORITY,,39,3,25,4,,,,,,,,,,,,,,,,,,,,,,,
8,1985,past,Polemonium viscosum,Skunky,7/4/85,Penn Mountain,Colorado,3960,"12,992",high alpine,Summit,Candace Galen,no, 2 stigmas already removed & counted,*2nd PRIORITY,yes,0.82,1.1,0.95,0.63,0.61,,*3rd PRIORITY count Carlie's slides,Carlie,42,0,85,3,,15,1,3,1,,,20.98,7.15,2,28.5,21,0.575758,1,42,41,2,15,1,,,,
9,1985,past,Polemonium viscosum,Skunky,7/4/85,Penn Mountain,Colorado,3960,"12,992",high alpine,Summit,Candace Galen,no, 2 stigmas already removed & counted,*2nd PRIORITY,yes,1.14,1.27,1.14,0.65,0.59,,*3rd PRIORITY count Carlie's slides,Carlie,4,0,16,2,,1,0,15,1,,,18.22,10.52,2,2.5,13,0.16129,1,4,15,2,1,11,,,,
10,1985,past,Polemonium viscosum,Skunky,7/4/85,Penn Mountain,Colorado,3960,"12,992",high alpine,Summit,Candace Galen,no, 2 stigmas already removed & counted,*2nd PRIORITY,no,NA,NA,NA,NA,NA,flowers destroyed,*3rd PRIORITY count Carlie's slides,Carlie,106,14,571,5,,34,1,155,3,,,18.89,9.11,2,62.5,243,0.204583,1,94,349,2,31,137,,,,
#3-1-41,1985,past,Polemonium viscosum,Skunky,7/4/85,Penn Mountain,Colorado,3550,"11,646",krummholz,"trailor flats, krummholz",Candace Galen,yes,,*1st PRIORITY,yes,1.079,2.04,1.436,0.625,0.681,,*2nd PRIORITY,yes,90,17,136,7,,,,,,,,,,,,,,,,,,,,,,,
45,1985,past,Polemonium viscosum,Skunky,7/4/85,Penn Mountain,Colorado,3550,"11,646",krummholz,Trailor flat,Candace Galen,no, 2 stigmas already removed & counted,*2nd PRIORITY,yes,1.39,1.67,2.26,0.84,0.7,,*3rd PRIORITY count Carlie's slides,Carlie,1,0,0,0,,2,0,0,0,,,16.62,8.72,2,1.5,0,1,1,1,0,2,2,0,,,,s
46,1985,past,Polemonium viscosum,Skunky,7/4/85,Penn Mountain,Colorado,3550,"11,646",krummholz,Trailor flat,Candace Galen,no, 2 stigmas already removed & counted,*2nd PRIORITY,yes,0.78,1.56,2.12,0.85,0.43,"took picture of 3 remaining flowers, but they were detached",*3rd PRIORITY count Carlie's slides,Carlie,38,3,74,5,,37,5,101,2,,,23.44,11.95,2,36.5,86.5,0.296748,1,36,69,2,37,104,,,,
49,1985,past,Polemonium viscosum,Skunky,7/4/85,Penn Mountain,Colorado,3550,"11,646",krummholz,Trailor flat,Candace Galen,no, 2 stigmas already removed & counted,*2nd PRIORITY,yes,1.54,1.64,2.03,0.86,0.71,,*3rd PRIORITY count Carlie's slides,Carlie,42,7,87,3,,25,4,78,4,,,28.52,14.4,2,36.5,37,0.496599,1,47,21,2,26,53,,,,
#5-3-25,1985,past,Polemonium viscosum,Skunky,7/16/85,Rocky Mtn NP,Colorado,3825,"12,550",high alpine,"Summit, Sundance Mountain, rocky tundra",Candace Galen,yes,,*1st PRIORITY,yes,0.77,0.83,1.24,0.54,0.51,,*2nd PRIORITY,yes,2,158,28,3,,,,,,,,,,,,,,,,,,,,,,,
28,1985,past,Polemonium viscosum,Skunky,7/16/85,Rocky Mtn NP,Colorado,3825,"12,550",high alpine,Sundance,Candace Galen,no, 3 stigmas already removed & counted,*2nd PRIORITY,yes,1.23,1.03,1.53,0.66,0.53,,*3rd PRIORITY count Carlie's slides,Carlie,15,0,354,4,,11,4,144,5,,,,,3,13.66667,197.6667,0.028926,1,15,315,2,14,140,3,12,138,
29,1985,past,Polemonium viscosum,Skunky,7/16/85,Rocky Mtn NP,Colorado,3825,"12,550",high alpine,Sundance,Candace Galen,no, 2 stigmas already removed & counted,*2nd PRIORITY,yes,1.44,1.18,1.6,0.65,0.59,,*3rd PRIORITY count Carlie's slides,Carlie,18,2,401,3,,21,1,278,3,,,23.05,9.87,2,20,312.5,0.06015,1,18,375,2,22,250,,,,
32,1985,past,Polemonium viscosum,Skunky,7/16/85,Rocky Mtn NP,Colorado,3825,"12,550",high alpine,Sundance,Candace Galen,no, 2 stigmas already removed & counted,*2nd PRIORITY,yes,1.49,1.5,2.06,0.8,0.69,,*3rd PRIORITY count Carlie's slides,Carlie,10,1,241,4,,9,3,430,3,,,27,14.24,2,10,323,0.03003,1,11,222,2,9,424,,,,
17-025,2017,present,Polemonium viscosum,Skunky,6/27/17,Cumberland Pass,Colorado,3761,,high alpine,,Nicole Miller-Struttmann et al. ,no,,*2nd PRIORITY,yes,0.92,0.93,1.53,0.55,0.65,,Dissection finished,yes,78,26,59,3,,,,,,,,,,,,,,,,,,,,,,,
17-026,2017,present,Polemonium viscosum,Skunky,6/27/17,Cumberland Pass,Colorado,3761,,high alpine,,Nicole Miller-Struttmann et al. ,no,,*2nd PRIORITY,yes,0.81,1.26,1.72,0.65,0.44,,Dissection finished,yes,76,38,78,3,,,,,,,,,,,,,,,,,,,,,,,
17-020,2017,present,Polemonium viscosum,Skunky,6/27/17,Cumberland Pass,Colorado,3761,,high alpine,,Nicole Miller-Struttmann et al. ,no,,Photos finished,yes,1.17,0.98,1.45,0.66,0.6,,Dissection finished,yes,88,98,734,8,,,,,,,,,,,,,,,,,,,,,,,
17-021,2017,present,Polemonium viscosum,Skunky,6/27/17,Cumberland Pass,Colorado,3761,,high alpine,,Nicole Miller-Struttmann et al. ,no,,Photos finished,yes,1.25,1,1.39,0.66,0.59,,Dissection finished,yes,26,8,317,6,,,,,,,,,,,,,,,,,,,,,,,
17-023,2017,present,Polemonium viscosum,Skunky,6/27/17,Cumberland Pass,Colorado,3761,,high alpine,,Nicole Miller-Struttmann et al. ,no,,Photos finished,yes,1.17,1.13,1.62,0.63,0.55,,Dissection finished,yes,48,28,329,4,,,,,,,,,,,,,,,,,,,,,,,
17-030,2017,present,Polemonium viscosum,Skunky,6/27/17,Cumberland Pass,Colorado,3678,,krummholz,,Nicole Miller-Struttmann et al. ,no,,Photos finished,yes,1.217,2.313,1.405,0.875,0.83,,*1st PRIORITY,yes,110,66,312,6,,,,,,,,,,,,,,,,,,,,,,,
17-032,2017,present,Polemonium viscosum,Skunky,6/27/17,Cumberland Pass,Colorado,3678,,krummholz,,Nicole Miller-Struttmann et al. ,no,,Photos finished,yes,1.124,2.063,1.262,0.75,0.507,,*1st PRIORITY,yes,44,16,10,3,,,,,,,,,,,,,,,,,,,,,,,
17-037,2017,present,Polemonium viscosum,Skunky,6/27/17,Cumberland Pass,Colorado,3678,,krummholz,,Nicole Miller-Struttmann et al. ,no,,*1st PRIORITY,yes,1.184,2.163,1.674,0.584,0.654,,*2nd PRIORITY,yes,37,5,148,3,,,,,,,,,,,,,,,,,,,,,,,
17-038,2017,present,Polemonium viscosum,Skunky,6/27/17,Cumberland Pass,Colorado,3678,,krummholz,,Nicole Miller-Struttmann et al. ,no,,*1st PRIORITY,yes,0.96,2.174,1.546,0.624,0.66,,*2nd PRIORITY,yes,196,41,114,4,,,,,,,,,,,,,,,,,,,,,,,
17-039,2017,present,Polemonium viscosum,Skunky,6/27/17,Cumberland Pass,Colorado,3678,,krummholz,,Nicole Miller-Struttmann et al. ,no,,*1st PRIORITY,yes,0.942,2.909,2.214,0.665,0.592,,*2nd PRIORITY,yes,80,20,198,6,,,,,,,,,,,,,,,,,,,,,,,
17-184,2017,present,Polemonium viscosum,Skunky,7/9/17,Niwot Ridge,Colorado,3471,,krummholz,,Nicole Miller-Struttmann et al. ,no,,Photos finished,yes,1.781,2.163,1.547,0.677,0.606,,*1st PRIORITY,yes,107,109,337,8,,,,,,,,,,,,,,,,,,,,,,,
17-187,2017,present,Polemonium viscosum,Skunky,7/9/17,Niwot Ridge,Colorado,3471,,krummholz,,Nicole Miller-Struttmann et al. ,no,,Photos finished,yes,1.101,1.982,1.116,0.857,0.625,,*1st PRIORITY,yes,141,49,77,7,,,,,,,,,,,,,,,,,,,,,,,
17-188,2017,present,Polemonium viscosum,Skunky,7/9/17,Niwot Ridge,Colorado,3471,,krummholz,,Nicole Miller-Struttmann et al. ,no,,Photos finished,yes,0.937,2.381,1.425,0.944,0.567,,*1st PRIORITY,yes,57,12,405,6,,,,,,,,,,,,,,,,,,,,,,,
17-189,2017,present,Polemonium viscosum,Skunky,7/9/17,Niwot Ridge,Colorado,3471,,krummholz,,Nicole Miller-Struttmann et al. ,no,,Photos finished,yes,2.109,2.654,1.902,0.965,0.873,,*1st PRIORITY,yes,42,23,153,7,,,,,,,,,,,,,,,,,,,,,,,
17-190,2017,present,Polemonium viscosum,Skunky,7/9/17,Niwot Ridge,Colorado,3471,,krummholz,,Nicole Miller-Struttmann et al. ,no,,Photos finished,yes,1.172,2.115,1.481,0.474,0.621,,*1st PRIORITY,yes,39,53,646,6,,,,,,NMS: Please explain why. Did this one not have an appropriate flower? ,,,,,,,,,,,,,,,,,
17-191,2017,present,Polemonium viscosum,Skunky,7/9/17,Niwot Ridge,Colorado,3471,,krummholz,,Nicole Miller-Struttmann et al. ,no,,Photos finished,yes,1.103,2.468,1.549,0.631,0.668,,*1st PRIORITY,yes,73,55,17,4,,,,,,,,,,,,,,,,,,,,,,,
17-183,2017,present,Polemonium viscosum,Skunky,7/9/17,Niwot Ridge,Colorado,3471,,krummholz,,Nicole Miller-Struttmann et al. ,no,,*2nd PRIORITY,yes,1.58,131,1.54,0.99,0.74,,Dissection finished,yes,322,31,433,5,,,,,,,,,,,,,,,,,,,,,,,
17-185,2017,present,Polemonium viscosum,Skunky,7/9/17,Niwot Ridge,Colorado,3471,,krummholz,,Nicole Miller-Struttmann et al. ,no,,Photos finished,yes,NA,NA,NA,NA,NA,unable to measure d/t condition of flower,*last PRIORITY,,,,,,,,,,,,,,,,,,,,,,,,,,,,
17-186,2017,present,Polemonium viscosum,Skunky,7/9/17,Niwot Ridge,Colorado,3471,,krummholz,,Nicole Miller-Struttmann et al. ,no,,Photos finished,yes,NA,1.37,NA,NA,NA,unable to measure d/t condition of flower,*last PRIORITY,,,,,,,,,,,,,,,,,,,,,,,,,,,,
17-116,2017,present,Polemonium viscosum,Skunky,7/3/17,Penn Mountain,Colorado,3955,,high alpine,,Nicole Miller-Struttmann et al. ,no,,*1st PRIORITY,yes,1.39,1.07,1.46,0.76,0.66,,*2nd PRIORITY,yes,43,127,1633,3,,,,,,,,,,,,,,,,,,,,,,,
17-119,2017,present,Polemonium viscosum,Skunky,7/3/17,Penn Mountain,Colorado,3955,,high alpine,,Nicole Miller-Struttmann et al. ,no,,*1st PRIORITY,yes,1.1,1.19,1.67,0.66,0.67,,*2nd PRIORITY,yes,85,82,1032,5,,,,,,,,,,,,,,,,,,,,,,,
17-120,2017,present,Polemonium viscosum,Skunky,7/3/17,Penn Mountain,Colorado,3955,,high alpine,,Nicole Miller-Struttmann et al. ,no,,*1st PRIORITY,yes,1.76,1.53,1.63,0.75,0.63,,*2nd PRIORITY,yes,100,120,581,8,,,,,,,,,,,,,,,,,,,,,,,
17-121,2017,present,Polemonium viscosum,Skunky,7/3/17,Penn Mountain,Colorado,3955,,high alpine,,Nicole Miller-Struttmann et al. ,no,,*1st PRIORITY,yes,1.19,0.96,1.52,0.52,0.54,,*2nd PRIORITY,yes,64,113,312,7,,,,,,,,,,,,,,,,,,,,,,,
17-122,2017,present,Polemonium viscosum,Skunky,7/3/17,Penn Mountain,Colorado,3955,,high alpine,,Nicole Miller-Struttmann et al. ,no,,*1st PRIORITY,yes,1.37,1.39,1.7,0.73,0.66,,*2nd PRIORITY,yes,6,79,243,5,,,,,,,,,,,,,,,,,,,,,,,
17-124,2017,present,Polemonium viscosum,Skunky,7/3/17,Penn Mountain,Colorado,3955,,high alpine,,Nicole Miller-Struttmann et al. ,no,,*1st PRIORITY,yes,1.21,1.14,1.6,0.64,0.58,,*2nd PRIORITY,yes,402,78,217,4,,,,,,,,,,,,,,,,,,,,,,,
17-125,2017,present,Polemonium viscosum,Skunky,7/3/17,Penn Mountain,Colorado,3955,,high alpine,,Nicole Miller-Struttmann et al. ,no,,*1st PRIORITY,yes,0.96,1,1.54,0.57,0.46,,*2nd PRIORITY,yes,24,60,405,6,,,,,,,,,,,,,,,,,,,,,,,
17-081,2017,present,Polemonium viscosum,Skunky,7/2/17,Penn Mountain,Colorado,3573,,krummholz,,Nicole Miller-Struttmann et al. ,no,,*1st PRIORITY,yes,0.8,1.985,1.554,0.437,0.494,,*2nd PRIORITY,yes,72,33,39,3,,,,,,,,,,,,,,,,,,,,,,,
17-082,2017,present,Polemonium viscosum,Skunky,7/2/17,Penn Mountain,Colorado,3573,,krummholz,,Nicole Miller-Struttmann et al. ,no,,*1st PRIORITY,yes,0.866,1.779,1.302,0.413,0.426,,*2nd PRIORITY,yes,164,169,19,3,,,,,,,,,,,,,,,,,,,,,,,
17-085,2017,present,Polemonium viscosum,Skunky,7/2/17,Penn Mountain,Colorado,3573,,krummholz,,Nicole Miller-Struttmann et al. ,no,,*1st PRIORITY,yes,1.088,2.105,1.512,0.51,0.521,,*2nd PRIORITY,yes,376,161,32,4,,,,,,,,,,,,,,,,,,,,,,,
17-086,2017,present,Polemonium viscosum,Skunky,7/2/17,Penn Mountain,Colorado,3573,,krummholz,,Nicole Miller-Struttmann et al. ,no,,*1st PRIORITY,yes,1.035,2.138,1.56,0.527,0.481,,*2nd PRIORITY,yes,47,20,92,5,,,,,,,,,,,,,,,,,,,,,,,
17-087,2017,present,Polemonium viscosum,Skunky,7/2/17,Penn Mountain,Colorado,3573,,krummholz,,Nicole Miller-Struttmann et al. ,no,,*1st PRIORITY,yes,1.322,2.297,1.56,0.746,0.658,,*2nd PRIORITY,yes,39,11,44,3,,,,,,,,,,,,,,,,,,,,,,,
17-136,2017,present,Polemonium viscosum,Skunky,7/3/17,Penn Mountain,Colorado,3573,,krummholz,,Nicole Miller-Struttmann et al. ,no,,*1st PRIORITY,yes,1.08,0.92,1.73,0.7,0.61,,*2nd PRIORITY,yes ,289,73,290,4,,,,,,,,,,,,,,,,,,,,,,,
17-134,2017,present,Polemonium viscosum,Skunky,7/3/17,Penn Mountain,Colorado,3573,,krummholz,,Nicole Miller-Struttmann et al. ,no,,*2nd PRIORITY,yes,1.17,1.34,1.61,0.7,0.58,,Dissection finished,yes,37,203,32,4,,,,,,,,,,,,,,,,,,,,,,,
17-228,2017,present,Polemonium viscosum,Skunky,7/11/17,Rocky Mtn NP,Colorado,3739,,high alpine,,Nicole Miller-Struttmann et al. ,no,Sk-1,Photos finished,yes,1.12,1.39,1.73,0.65,0.47,,Dissection finished,yes,8,1,3,2,,,,,,,,,,,,,,,,,,,,,,,
17-229,2017,present,Polemonium viscosum,Skunky,7/11/17,Rocky Mtn NP,Colorado,3739,,high alpine,,Nicole Miller-Struttmann et al. ,no,Sk-2,Photos finished,yes,1.22,1.13,1.37,0.57,0.62,,Dissection finished,yes,5,2,0,0,,,,,,,,,,,,,,,,,,,,,,,
17-230,2017,present,Polemonium viscosum,Skunky,7/11/17,Rocky Mtn NP,Colorado,3739,,high alpine,,Nicole Miller-Struttmann et al. ,no,Sk-3,Photos finished,yes,1.06,1.05,1.51,0.61,0.64,,Dissection finished,yes,5,0,17,4,,,,,,,,,,,,,,,,,,,,,,,
17-220,2017,present,Polemonium viscosum,Skunky,7/11/17,Rocky Mtn NP,Colorado,3586,,krummholz,,Nicole Miller-Struttmann et al. ,no,,*1st PRIORITY,yes,1.22,1.49,1.61,0.86,0.51,,*2nd PRIORITY,yes,28,14,683,5,,,,,,,,,,,,,,,,,,,,,,,
17-223,2017,present,Polemonium viscosum,Skunky,7/11/17,Rocky Mtn NP,Colorado,3586,,krummholz,,Nicole Miller-Struttmann et al. ,no,,*1st PRIORITY,yes,1.23,1.39,1.87,0.64,0.47,,*2nd PRIORITY,yes,152,75,1769,12,,,,,,,,,,,,,,,,,,,,,,,
17-224,2017,present,Polemonium viscosum,Skunky,7/11/17,Rocky Mtn NP,Colorado,3586,,krummholz,,Nicole Miller-Struttmann et al. ,no,,*1st PRIORITY,yes,1.39,1.18,1.64,0.77,0.68,,*2nd PRIORITY,yes,10,5,149,5,,,,,,,,,,,,,,,,,,,,,,,
17-226,2017,present,Polemonium viscosum,Skunky,7/11/17,Rocky Mtn NP,Colorado,3586,,krummholz,,Nicole Miller-Struttmann et al. ,no,,*1st PRIORITY,yes,1.49,1.27,1.73,0.83,0.74,,*2nd PRIORITY,yes,86,60,525,5,,,,,,,,,,,,,,,,,,,,,,,
17-227,2017,present,Polemonium viscosum,Skunky,7/11/17,Rocky Mtn NP,Colorado,3586,,krummholz,,Nicole Miller-Struttmann et al. ,no,,*1st PRIORITY,yes,1.71,1.16,1.53,0.8,0.85,,*2nd PRIORITY,yes,42,31,135,4,,,,,,,,,,,,,,,,,,,,,,,
#2-2-26,1985,past,Polemonium viscosum,Sweet,6/25/85,Cumberland Pass,Colorado,3710,"12,175",high alpine,,Candace Galen,yes,,*1st PRIORITY,yes,0.991,2.461,1.735,0.641,0.677,,*2nd PRIORITY,yes,16,13,220,4,,,,,,,,,,,,,,,,,,,,,,,
27,1985,past,Polemonium viscosum,Sweet,6/25/85,Cumberland Pass,Colorado,3710,"12,175",high alpine,,Candace Galen,yes,,*1st PRIORITY,yes,0.997,2.429,1.781,0.605,0.499,,*2nd PRIORITY,yes,57,56,378,3,,,,,,,,,,,,,,,,,,,,,,,
30,1985,past,Polemonium viscosum,Sweet,6/25/85,Cumberland Pass,Colorado,3710,"12,175",high alpine,,Candace Galen,yes,,*1st PRIORITY,yes,0.96,2.863,2.237,0.612,0.593,,*2nd PRIORITY,yes,248,60,108,3,,,,,,,,,,,,,,,,,,,,,,,
28,1985,past,Polemonium viscosum,Sweet,6/25/85,Cumberland Pass,Colorado,3710,"12,175",high alpine,,Candace Galen,no, 2 stigmas already removed & counted,*2nd PRIORITY,yes,1.11,1.22,1.72,0.57,0.53,,*3rd PRIORITY count Carlie's slides,Carlie,21,0,782,4,,73,0,902,5,,,22.53,12.27,2,46.5,40,0.537572,1,21,62,2,72,18,,,,
34,1985,past,Polemonium viscosum,Sweet,6/25/85,Cumberland Pass,Colorado,3710,"12,175",high alpine,,Candace Galen,no, 2 stigmas already removed & counted,*2nd PRIORITY,yes,1.4,1.17,1.38,0.73,0.79,,*3rd PRIORITY count Carlie's slides,Carlie,8,0,21,3,,9,0,241,4,,,24.9,10.49,2,8,87,0.084211,1,7,11,2,9,163,,,,
106,1985,past,Polemonium viscosum,Sweet,6/25/85,Cumberland Pass,Colorado,3620,"11,875",krummholz,,Candace Galen,yes,,*1st PRIORITY,yes,1.198,2.186,1.598,0.637,0.686,,*2nd PRIORITY,yes,48,2,6,1,,,,,,,,,,,,,,,,,,,,,,,
#2-1-38,1985,past,Polemonium viscosum,Sweet,6/25/85,Cumberland Pass,Colorado,3620,"11,875",krummholz,,Candace Galen,yes,,*1st PRIORITY,yes,0.762,1.998,1.478,0.487,0.462,,*2nd PRIORITY,yes,105,41,134,4,,,,,,,,,,,,,,,,,,,,,,,
40,1985,past,Polemonium viscosum,Sweet,6/25/85,Cumberland Pass,Colorado,3620,"11,875",krummholz,,Candace Galen,no,,*1st PRIORITY,no,NA,NA,NA,NA,NA,no flowers,*2nd PRIORITY,no,NA,NA,NA,NA,no flowers,,,,,,,,,,,,,,,,,,,,,,
42,1985,past,Polemonium viscosum,Sweet,6/25/85,Cumberland Pass,Colorado,3620,"11,875",krummholz,,Candace Galen,yes,,*1st PRIORITY,yes,0.89,1.1,1.62,0.45,0.54,,*2nd PRIORITY,yes,20,7,16,4,,,,,,,,,,,,,,,,,,,,,,,
43,1985,past,Polemonium viscosum,Sweet,6/25/85,Cumberland Pass,Colorado,3620,"11,875",krummholz,,Candace Galen,no,,*1st PRIORITY,yes,1.12,1.58,1.82,0.73,0.46,,*2nd PRIORITY,yes,37,21,4,3,,,,,,,,,,,,,,,,,,,,,,,
1,1985,past,Polemonium viscosum,Sweet,7/8/85,Niwot Ridge,Colorado,3750,"12,300",high alpine,,Candace Galen,yes,,*1st PRIORITY,yes,0.829,1.595,1.056,0.543,0.485,,*2nd PRIORITY,yes,385,10,145,5,,,,,,,,,,,,,,,,,,,,,,,
3,1985,past,Polemonium viscosum,Sweet,7/8/85,Niwot Ridge,Colorado,3750,"12,300",high alpine,,Candace Galen,yes,,*1st PRIORITY,yes,1.185,2.172,1.555,0.541,0.653,,*2nd PRIORITY,yes,281,29,289,5,,,,,,,,,,,,,,,,,,,,,,,
#4-3-2,1985,past,Polemonium viscosum,Sweet,7/8/85,Niwot Ridge,Colorado,3750,"12,300",high alpine,"D station, tundra ridge",Candace Galen,yes,,*1st PRIORITY,yes,1.02,0.9,1.37,0.56,0.44,,*2nd PRIORITY,yes,303,149,91,7,,,,,,,,,,,,,,,,,,,,,,,
6,1985,past,Polemonium viscosum,Sweet,7/8/85,Niwot Ridge,Colorado,3750,"12,300",high alpine,,Candace Galen,no, 2 stigmas already removed & counted,*2nd PRIORITY,yes,1.17,1.28,1.67,0.69,0.58,,*3rd PRIORITY count Carlie's slides,Carlie,24,1,3,1,,15,4,35,2,,,24.64,12.52,2,19,16,0.542857,1,24,2,2,14,30,,,,
7,1985,past,Polemonium viscosum,Sweet,7/8/85,Niwot Ridge,Colorado,3750,"12,300",high alpine,,Candace Galen,no, 2 stigmas already removed & counted,*2nd PRIORITY,yes,1.39,1.46,1.5,0.9,0.46,,*3rd PRIORITY count Carlie's slides,Carlie,11,0,278,3,,3,0,286,4,,,28.53,13.19,2,7.5,278.5,0.026224,1,12,290,2,3,267,,,,
8,1985,past,Polemonium viscosum,Sweet,7/8/85,Niwot Ridge,Colorado,3750,"12,300",high alpine,,Candace Galen,no, 2 stigmas already removed & counted,*2nd PRIORITY,yes,1.17,1.27,1.41,0.91,0.61,,*3rd PRIORITY count Carlie's slides,Carlie,71,4,0,0,,23,0,153,3,,,,,2,44.5,61,0.421801,1,68,0,2,21,122,,,,Carlie: 0.8.1
12,1985,past,Polemonium viscosum,Sweet,7/8/85,Niwot Ridge,Colorado,3660,"12,000",krummholz,low alpine,Candace Galen,no,,*1st PRIORITY,no,NA,NA,NA,NA,NA,"There is no flower, only the stalk and leaves",*2nd PRIORITY,no,NA,NA,NA,NA,no flowers,,,,,,,,,,,,,,,,,,,,,,
17,1985,past,Polemonium viscosum,Sweet,7/8/85,Niwot Ridge,Colorado,3660,"12,000",krummholz,low alpine,Candace Galen,yes,,*1st PRIORITY,yes,1.008,2.264,1.433,0.445,0.495,,*2nd PRIORITY,no,40,380,2,1,"no stigma, anters stripped",,,,,,,,,,,,,,,,,,,,,,
#4-2-14,1985,past,Polemonium viscosum,Sweet,7/8/85,Niwot Ridge,Colorado,3660,"12,000",krummholz,"dry, east-facing riddge, low tundra",Candace Galen,yes,,*1st PRIORITY,yes,1.57,1.05,1.43,0.7,0.61,,*2nd PRIORITY,yes,59,14,20,3,,,,,,,,,,,,,,,,,,,,,,,
16,1985,past,Polemonium viscosum,Sweet,7/8/85,Niwot Ridge,Colorado,3660,"12,000",krummholz,,Candace Galen,no, 2 stigmas already removed & counted,*2nd PRIORITY,yes,1.07,1.29,1.76,0.66,0.42,,*3rd PRIORITY count Carlie's slides,Carlie,40,1,25,2,,15,1,25,3,,,26.22,12.69,2,26.5,26,0.504762,1,39,26,2,14,26,,,,
18,1985,past,Polemonium viscosum,Sweet,7/8/85,Niwot Ridge,Colorado,3660,"12,000",krummholz,,Candace Galen,no, 1 stigmas already removed & counted,*2nd PRIORITY,yes,1.52,1.45,1.97,0.85,0.5,took picture of only remaining flower,*3rd PRIORITY count Carlie's slides,Carlie,0,0,0,0,only one slide,,NA,NA,NA,,,19.81,12.37,1,0,0,,1,0,0,,,,,,,
21,1985,past,Polemonium viscosum,Sweet,7/8/85,Niwot Ridge,Colorado,3500,"11,500",krummholz,,Candace Galen,no,,*1st PRIORITY,yes,0.944,2.533,2.085,0.664,0.531,,*2nd PRIORITY,yes,190,31,744,7,,,,,,,,,,,,,,,,,,,,,,,
15,1985,past,Polemonium viscosum,Sweet,7/4/85,Penn Mountain,Colorado,3950,"12,950",high alpine,,Candace Galen,yes,,*1st PRIORITY,yes,1.02,1.736,1.11,0.622,0.555,,*2nd PRIORITY,yes,NA,NA,NA,NA,no stigma,,,,,,,,,,,,,,,,,,,,,,
20,1985,past,Polemonium viscosum,Sweet,7/4/85,Penn Mountain,Colorado,3950,"12,950",high alpine,,Candace Galen,yes,,*1st PRIORITY,yes,1.178,2.022,1.522,0.583,0.565,,*2nd PRIORITY,yes,79,31,229,6,,,,,,,,,,,,,,,,,,,,,,,
#3-5-1,1985,past,Polemonium viscosum,Sweet,7/4/85,Penn Mountain,Colorado,3960,"12,992",high alpine,"Summit, tundra",Candace Galen,yes,,*1st PRIORITY,yes,1.268,2.063,1.332,0.682,0.64,,*2nd PRIORITY,yes,8,31,179,3,,,,,,,,,,,,,,,,,,,,,,,
4,1985,past,Polemonium viscosum,Sweet,7/7/85,Penn Mountain,Colorado,4025,"13,200",high alpine,,Candace Galen,yes,,*1st PRIORITY,yes,1.235,2.041,1.343,0.694,0.705,,*2nd PRIORITY,yes,47,14,36,3,,,,,,,,,,,,,,,,,,,,,,,
2,1985,past,Polemonium viscosum,Sweet,7/4/85,Penn Mountain,Colorado,3960,"12,992",high alpine,Summit,Candace Galen,no, 2 stigmas already removed & counted,*2nd PRIORITY,yes,0.91,1.06,1.27,0.51,0.5,,*3rd PRIORITY count Carlie's slides,Carlie,106,17,532,6,,54,7,71,4,,,18.71,10.54,2,68.5,136,0.334963,1,94,207,2,43,65,,,,
3,1985,past,Polemonium viscosum,Sweet,7/4/85,Penn Mountain,Colorado,3960,"12,992",high alpine,Summit,Candace Galen,no, 2 stigmas already removed & counted,*2nd PRIORITY,yes,1.09,1.33,1.49,0.75,0.92,took picture of only remaining flower,*3rd PRIORITY count Carlie's slides,Carlie,15,2,255,4,,57,2,0,0,,,23.08,13.19,2,35,121.5,0.223642,1,15,243,2,55,0,,,,
5,1985,past,Polemonium viscosum,Sweet,7/4/85,Penn Mountain,Colorado,3960,"12,992",high alpine,Summit,Candace Galen,no, 2 stigmas already removed & counted,*2nd PRIORITY,yes,1.43,1.4,1.53,0.63,0.58,,*3rd PRIORITY count Carlie's slides,Carlie,201,8,23,2,,19,2,532,3,,,22.54,13.69,2,107.5,244,0.305832,1,195,14,2,20,474,,,,
#3-1-42,1985,past,Polemonium viscosum,Sweet,7/4/85,Penn Mountain,Colorado,3550,"11,646",krummholz,"trailor flats, krummholz",Candace Galen,yes,,*1st PRIORITY,yes,1.123,2.182,1.464,0.601,0.54,,*2nd PRIORITY,yes,137,24,187,4,,,,,,,,,,,,,,,,,,,,,,,
47,1985,past,Polemonium viscosum,Sweet,7/4/85,Penn Mountain,Colorado,3550,"11,646",krummholz,"trailor flats, krummholz",Candace Galen,no,,*1st PRIORITY,no,NA,NA,NA,NA,NA,no plant,*2nd PRIORITY,no ,NA,NA,NA,NA,,,,,,no plant,,,,,,,,,,,,,,,,,
50,1985,past,Polemonium viscosum,Sweet,7/4/85,Penn Mountain,Colorado,3550,"11,646",krummholz,"trailor flats, krummholz",Candace Galen,no,,*1st PRIORITY,yes,1.18,NA,NA,0.89,0.7,flower detached,*2nd PRIORITY,,NA,NA,NA,NA,no flowers,,,,,,,,,,,,,,,,,,,,,,
48,1985,past,Polemonium viscosum,Sweet,7/4/85,Penn Mountain,Colorado,3550,"11,646",krummholz,Trailor flat,Candace Galen,no, 2 stigmas already removed & counted,*2nd PRIORITY,yes,1.29,1.53,1.67,0.79,0.72,,*3rd PRIORITY count Carlie's slides,Carlie,20,1,19,2,,22,0,28,1,,,22.01,11.58,2,21,12.5,0.626866,1,19,20,2,23,5,,,,
24,1985,past,Polemonium viscosum,Sweet,7/16/85,Rocky Mtn NP,Colorado,3825,"12,550",high alpine,,Candace Galen,yes,,*1st PRIORITY,yes,0.893,1.55,1.041,0.544,0.534,,*2nd PRIORITY,yes,88,22,1308,7,,,,,,,,,,,,,,,,,,,,,,,
27,1985,past,Polemonium viscosum,Sweet,7/16/85,Rocky Mtn NP,Colorado,3825,"12,550",high alpine,,Candace Galen,yes,,*1st PRIORITY,no,NA,NA,NA,NA,NA,There was no mounted 27 in the folder,*2nd PRIORITY,no,NA,NA,NA,NA,not in folder,,,,,,,,,,,,,,,,,,,,,,
#5-3-23,1985,past,Polemonium viscosum,Sweet,7/16/85,Rocky Mtn NP,Colorado,3825,"12,550",high alpine,"Summit, Sundance Mountain, rocky tundra",Candace Galen,yes,,*1st PRIORITY,yes,1.91,1.03,1.39,0.79,0.88,,*2nd PRIORITY,yes,72,11,173,4,,,,,,,,,,,,,,,,,,,,,,,
30,1985,past,Polemonium viscosum,Sweet,7/16/85,Rocky Mtn NP,Colorado,3825,"12,550",high alpine,Sundance,Candace Galen,no, 1 stigmas already removed & counted,*2nd PRIORITY,yes,1.1,1.46,1.78,0.66,0.48,,*3rd PRIORITY count Carlie's slides,Carlie,NA,NA,NA,NA,,18,0,358,4,only one slide,,,,1,15,323,,2,15,323,,,,,,,
31,1985,past,Polemonium viscosum,Sweet,7/16/85,Rocky Mtn NP,Colorado,3825,"12,550",high alpine,Sundance,Candace Galen,no, 3 stigmas already removed & counted,*2nd PRIORITY,yes,1.18,1.33,1.7,0.72,0.56,,*3rd PRIORITY count Carlie's slides,Carlie,10,1,457,5,,50,2,635,4,,,,,3,24,373,0.060453,1,10,369,2,48,547,3,14,203,
17-024,2017,present,Polemonium viscosum,Sweet,6/27/17,Cumberland Pass,Colorado,3761,,high alpine,,Nicole Miller-Struttmann et al. ,no,,Photos finished,yes,1.172,2.115,1.481,0.474,0.621,,*1st PRIORITY,yes,60,70,431,8,,,,,,,,,,,,,,,,,,,,,,,
17-027,2017,present,Polemonium viscosum,Sweet,6/27/17,Cumberland Pass,Colorado,3761,,high alpine,,Nicole Miller-Struttmann et al. ,no,,*1st PRIORITY,yes,1.01,2.42,1.708,0.64,0.685,,*2nd PRIORITY,yes,38,57,449,6,,,,,,,,,,,,,,,,,,,,,,,
17-028,2017,present,Polemonium viscosum,Sweet,6/27/17,Cumberland Pass,Colorado,3761,,high alpine,,Nicole Miller-Struttmann et al. ,no,,*1st PRIORITY,yes,1.103,2.193,1.692,0.55,0.701,,*2nd PRIORITY,yes,70,53,52,4,,,,,,,,,,,,,,,,,,,,,,,
17-022,2017,present,Polemonium viscosum,Sweet,6/27/17,Cumberland Pass,Colorado,3761,,high alpine,,Nicole Miller-Struttmann et al. ,no,,Photos finished,yes,1.02,1.01,1.31,0.68,0.42,,Dissection finished,yes,133,56,24,5,,,,,,,,,,,,,,,,,,,,,,,
17-029,2017,present,Polemonium viscosum,Sweet,6/27/17,Cumberland Pass,Colorado,3761,,high alpine,,Nicole Miller-Struttmann et al. ,no,,Photos finished,yes,1.13,1.1,1.89,0.84,0.49,,Dissection finished,yes (2),202,547,1,1,,,,,,,,,,,,,,,,,,,,,,,
17-031,2017,present,Polemonium viscosum,Sweet,6/27/17,Cumberland Pass,Colorado,3678,,krummholz,,Nicole Miller-Struttmann et al. ,no,,Photos finished,yes,2.175,3.647,2.334,1.087,1.05,,*1st PRIORITY,yes,NA,NA,NA,NA,not usable,,,,,NMS: Please explain what you mean by weird? ,,,,,,,,,,,,,,,,,
17-033,2017,present,Polemonium viscosum,Sweet,6/27/17,Cumberland Pass,Colorado,3678,,krummholz,,Nicole Miller-Struttmann et al. ,no,,*1st PRIORITY,yes,1.068,2.45,1.831,0.508,0.506,,*2nd PRIORITY,yes,37,13,80,4,,,,,,,,,,,,,,,,,,,,,,,
17-034,2017,present,Polemonium viscosum,Sweet,6/27/17,Cumberland Pass,Colorado,3678,,krummholz,,Nicole Miller-Struttmann et al. ,no,,*1st PRIORITY,yes,1.099,2.008,1.633,0.368,0.46,,*2nd PRIORITY,yes,77,22,149,4,,,,,,,,,,,,,,,,,,,,,,,
17-035,2017,present,Polemonium viscosum,Sweet,6/27/17,Cumberland Pass,Colorado,3678,,krummholz,,Nicole Miller-Struttmann et al. ,no,,*1st PRIORITY,yes,1.019,2.351,1.718,0.537,0.419,,*2nd PRIORITY,yes,9,9,178,2,,,,,,,,,,,,,,,,,,,,,,,
17-036,2017,present,Polemonium viscosum,Sweet,6/27/17,Cumberland Pass,Colorado,3678,,krummholz,,Nicole Miller-Struttmann et al. ,no,,*1st PRIORITY,yes,1,1.749,1.267,0.594,0.639,,*2nd PRIORITY,yes,12,13,414,3,,,,,,,,,,,,,,,,,,,,,,,
17-165,2017,present,Polemonium viscosum,Sweet,7/8/17,Niwot Ridge,Colorado,3746,,high alpine,,Nicole Miller-Struttmann et al. ,no,,*1st PRIORITY,yes,0.85,1.14,1.6,0.66,0.75,,*2nd PRIORITY,yes,116,71,149,5,,,,,,,,,,,,,,,,,,,,,,,
17-162,2017,present,Polemonium viscosum,Sweet,7/8/17,Niwot Ridge,Colorado,3746,,high alpine,,Nicole Miller-Struttmann et al. ,no,,*2nd PRIORITY,yes,1.43,1.56,2.01,0.79,0.53,,Dissection finished,yes,507,251,55,7,,,,,,,,,,,,,,,,,,,,,,,
17-163,2017,present,Polemonium viscosum,Sweet,7/8/17,Niwot Ridge,Colorado,3746,,high alpine,,Nicole Miller-Struttmann et al. ,no,,*2nd PRIORITY,yes,1.09,1.6,2.12,0.64,0.62,,Dissection finished,yes,0,0,0,0,,,,,,,,,,,,,,,,,,,,,,,
17-164,2017,present,Polemonium viscosum,Sweet,7/8/17,Niwot Ridge,Colorado,3746,,high alpine,,Nicole Miller-Struttmann et al. ,no,,*2nd PRIORITY,yes,1.59,1.73,2.14,0.95,0.48,,Dissection finished,yes,265,176,17,4,,,,,,,,,,,,,,,,,,,,,,,
17-167,2017,present,Polemonium viscosum,Sweet,7/8/17,Niwot Ridge,Colorado,3746,,high alpine,,Nicole Miller-Struttmann et al. ,no,,*2nd PRIORITY,yes,1.75,1.48,1.8,0.78,0.71,,Dissection finished,yes,10,12,2,1,,,,,,,,,,,,,,,,,,,,,,,
17-168,2017,present,Polemonium viscosum,Sweet,7/8/17,Niwot Ridge,Colorado,3746,,high alpine,,Nicole Miller-Struttmann et al. ,no,,*2nd PRIORITY,yes,1.45,1.18,1.89,0.76,0.65,,Dissection finished,yes,147,194,411,8,,,,,,,,,,,,,,,,,,,,,,,
17-166,2017,present,Polemonium viscosum,Sweet,7/8/17,Niwot Ridge,Colorado,3746,,high alpine,,Nicole Miller-Struttmann et al. ,no,,Photos finished,yes,0.95,1.39,1.62,0.7,0.54,,Dissection finished,yes,223,161,3,3,,,,,,,,,,,,,,,,,,,,,,,
17-174,2017,present,Polemonium viscosum,Sweet,7/9/17,Niwot Ridge,Colorado,3471,,krummholz,,Nicole Miller-Struttmann et al. ,no,,*1st PRIORITY,yes,1.42,1.4,1.77,0.99,0.73,,*2nd PRIORITY,yes,132,86,23,3,,,,,,,,,,,,,,,,,,,,,,,
17-175,2017,present,Polemonium viscosum,Sweet,7/9/17,Niwot Ridge,Colorado,3471,,krummholz,,Nicole Miller-Struttmann et al. ,no,,*1st PRIORITY,yes,1.19,1.41,1.98,0.57,0.48,,*2nd PRIORITY,yes,112,127,64,5,,,,,,,,,,,,,,,,,,,,,,,
17-176,2017,present,Polemonium viscosum,Sweet,7/9/17,Niwot Ridge,Colorado,3471,,krummholz,,Nicole Miller-Struttmann et al. ,no,,*1st PRIORITY,yes,1.61,1.37,1.52,0.95,0.7,,*2nd PRIORITY,yes,110,45,1214,5,,,,,,,,,,,,,,,,,,,,,,,
17-181,2017,present,Polemonium viscosum,Sweet,7/9/17,Niwot Ridge,Colorado,3471,,krummholz,,Nicole Miller-Struttmann et al. ,no,,*1st PRIORITY,yes,0.88,1.1,1.32,0.49,0.53,,*2nd PRIORITY,yes,39,22,9,3,,,,,,,,,,,,,,,,,,,,,,,
17-178,2017,present,Polemonium viscosum,Sweet,7/9/17,Niwot Ridge,Colorado,3471,,krummholz,,Nicole Miller-Struttmann et al. ,no,,*2nd PRIORITY,yes,1.39,1.3,1.62,0.63,0.66,,Dissection finished,yes,233,44,111,6,,,,,,,,,,,,,,,,,,,,,,,
17-179,2017,present,Polemonium viscosum,Sweet,7/9/17,Niwot Ridge,Colorado,3471,,krummholz,,Nicole Miller-Struttmann et al. ,no,,*2nd PRIORITY,yes,1.15,1.38,1.94,0.79,0.72,,Dissection finished,yes,60,33,241,7,,,,,,,,,,,,,,,,,,,,,,,
17-180,2017,present,Polemonium viscosum,Sweet,7/9/17,Niwot Ridge,Colorado,3471,,krummholz,,Nicole Miller-Struttmann et al. ,no,,*2nd PRIORITY,yes,0.87,1.21,1.64,0.67,0.62,,Dissection finished,yes,125,33,328,8,,,,,,,,,,,,,,,,,,,,,,,
17-106,2017,present,Polemonium viscosum,Sweet,7/3/17,Penn Mountain,Colorado,3955,,high alpine,,Nicole Miller-Struttmann et al. ,no,,*1st PRIORITY,yes,0.905,1.756,1.306,0.43,0.485,,*2nd PRIORITY,no,NA,NA,NA,NA,not in folder,,,,,,,,,,,,,,,,,,,,,,
17-107,2017,present,Polemonium viscosum,Sweet,7/3/17,Penn Mountain,Colorado,3955,,high alpine,,Nicole Miller-Struttmann et al. ,no,,*1st PRIORITY,yes,1.122,2.427,1.707,0.722,0.765,,*2nd PRIORITY,yes,38,62,38,3,,,,,,,,,,,,,,,,,,,,,,,
17-108,2017,present,Polemonium viscosum,Sweet,7/3/17,Penn Mountain,Colorado,3955,,high alpine,,Nicole Miller-Struttmann et al. ,no,,*1st PRIORITY,yes,1.193,2.401,1.676,0.762,0.545,,*2nd PRIORITY,yes,39,180,60,2,,,,,,,,,,,,,,,,,,,,,,,
17-112,2017,present,Polemonium viscosum,Sweet,7/3/17,Penn Mountain,Colorado,3955,,high alpine,,Nicole Miller-Struttmann et al. ,no,,*1st PRIORITY,yes-Jake,1.31,1.06,1.41,0.7,0.66,,*2nd PRIORITY,yes,177,108,21,2,,,,,,,,,,,,,,,,,,,,,,,
17-114,2017,present,Polemonium viscosum,Sweet,7/3/17,Penn Mountain,Colorado,3955,,high alpine,,Nicole Miller-Struttmann et al. ,no,,*1st PRIORITY,yes,0.74,1.23,1.32,0.47,0.53,,*2nd PRIORITY,yes,7,142,184,3,,,,,,,,,,,,,,,,,,,,,,,
17-109,2017,present,Polemonium viscosum,Sweet,7/3/17,Penn Mountain,Colorado,3955,,high alpine,,Nicole Miller-Struttmann et al. ,no,,*2nd PRIORITY,yes,1.11,1.22,1.58,0.56,0.42,,Dissection finished,yes,261,271,225,7,Some yellow staining? Not sure what it is...,,,,,,,,,,,,,,,,,,,,,,
17-110,2017,present,Polemonium viscosum,Sweet,7/3/17,Penn Mountain,Colorado,3955,,high alpine,,Nicole Miller-Struttmann et al. ,no,,*2nd PRIORITY,yes,1.13,1.27,1.75,0.58,0.52,,Dissection finished,yes,79,84,135,6,,,,,,,,,,,,,,,,,,,,,,,
17-083,2017,present,Polemonium viscosum,Sweet,7/2/17,Penn Mountain,Colorado,3573,,krummholz,,Nicole Miller-Struttmann et al. ,no,,*1st PRIORITY,yes,0.89,1.862,1.343,0.48,0.43,,*2nd PRIORITY,yes,240,170,368,5,,,,,,,,,,,,,,,,,,,,,,,
17-088,2017,present,Polemonium viscosum,Sweet,7/2/17,Penn Mountain,Colorado,3573,,krummholz,,Nicole Miller-Struttmann et al. ,no,,*1st PRIORITY,yes,1.261,2.497,1.766,0.716,0.696,,*2nd PRIORITY,yes,129,18,12,4,,,,,,,,,,,,,,,,,,,,,,,
17-089,2017,present,Polemonium viscosum,Sweet,7/2/17,Penn Mountain,Colorado,3573,,krummholz,,Nicole Miller-Struttmann et al. ,no,,*1st PRIORITY,yes,1.083,2.41,1.665,0.5,0.491,,*2nd PRIORITY,yes,48,42,76,4,,,,,,,,,,,,,,,,,,,,,,,
17-130,2017,present,Polemonium viscosum,Sweet,7/3/17,Penn Mountain,Colorado,3573,,krummholz,,Nicole Miller-Struttmann et al. ,no,,Photos finished,yes,0.79,1.23,1.71,0.57,0.47,,Dissection finished,yes,20,94,0,0,,,,,,,,,,,,,,,,,,,,,,,
17-131,2017,present,Polemonium viscosum,Sweet,7/3/17,Penn Mountain,Colorado,3573,,krummholz,,Nicole Miller-Struttmann et al. ,no,,Photos finished,yes,1.09,1.43,1.89,0.65,0.53,,Dissection finished,yes,64,74,50,5,,,,,,,,,,,,,,,,,,,,,,,
17-132,2017,present,Polemonium viscosum,Sweet,7/3/17,Penn Mountain,Colorado,3573,,krummholz,,Nicole Miller-Struttmann et al. ,no,,Photos finished,yes,0.95,1.19,1.69,0.6,0.45,,Dissection finished,yes,75,72,44,4,,,,,,,,,,,,,,,,,,,,,,,
17-133,2017,present,Polemonium viscosum,Sweet,7/3/17,Penn Mountain,Colorado,3573,,krummholz,,Nicole Miller-Struttmann et al. ,no,,Photos finished,yes,1.01,0.86,1.38,0.5,0.53,,Dissection finished,yes,80,221,17,5,,,,,,,,,,,,,,,,,,,,,,,
17-234,2017,present,Polemonium viscosum,Sweet,7/11/17,Rocky Mtn NP,Colorado,3739,,high alpine,,Nicole Miller-Struttmann et al. ,no,Sw-3,*1st PRIORITY,yes,1.21,1.3,1.72,0.63,0.68,,*2nd PRIORITY,yes,74,26,34,2,,,,,,,,,,,,,,,,,,,,,,,
17-231,2017,present,Polemonium viscosum,Sweet,7/11/17,Rocky Mtn NP,Colorado,3739,,high alpine,,Nicole Miller-Struttmann et al. ,no,Sw-1,*2nd PRIORITY,yes,1.59,1.63,1.84,0.71,0.77,,Dissection finished,yes,49,5,205,7,,,,,,,,,,,,,,,,,,,,,,,
17-232,2017,present,Polemonium viscosum,Sweet,7/11/17,Rocky Mtn NP,Colorado,3739,,high alpine,,Nicole Miller-Struttmann et al. ,no,Sw-10,*2nd PRIORITY,yes,1.61,1.25,1.55,0.79,0.81,,Dissection finished,yes,0,39,4,2,,,,,,,,,,,,,,,,,,,,,,,
17-236,2017,present,Polemonium viscosum,Sweet,7/11/17,Rocky Mtn NP,Colorado,3739,,high alpine,,Nicole Miller-Struttmann et al. ,no,Sw-5,*2nd PRIORITY,yes,1.71,1.07,1.48,0.65,0.73,,Dissection finished,yes,47,51,46,6,,,,,,,,,,,,,,,,,,,,,,,
17-237,2017,present,Polemonium viscosum,Sweet,7/11/17,Rocky Mtn NP,Colorado,3739,,high alpine,,Nicole Miller-Struttmann et al. ,no,Sw-6,*2nd PRIORITY,yes,1.46,1.65,1.79,0.79,0.74,,Dissection finished,yes,8,1,12,3,,,,,,,,,,,,,,,,,,,,,,,
17-238,2017,present,Polemonium viscosum,Sweet,7/11/17,Rocky Mtn NP,Colorado,3739,,high alpine,,Nicole Miller-Struttmann et al. ,no,Sw-7,*2nd PRIORITY,yes,1.35,1.24,1.83,0.75,0.84,,Dissection finished,yes,64,32,93,7,,,,,,,,,,,,,,,,,,,,,,,
17-239,2017,present,Polemonium viscosum,Sweet,7/11/17,Rocky Mtn NP,Colorado,3739,,high alpine,,Nicole Miller-Struttmann et al. ,no,Sw-8,*2nd PRIORITY,yes,1.31,1.28,1.81,0.79,0.75,,Dissection finished,yes,270,75,758,6,,,,,,,,,,,,,,,,,,,,,,,
17-218,2017,present,Polemonium viscosum,Sweet,7/11/17,Rocky Mtn NP,Colorado,3586,,krummholz,,Nicole Miller-Struttmann et al. ,no,,*1st PRIORITY,yes,1.12,1.61,1.78,0.69,0.49,,*2nd PRIORITY,yes,111,38,739,6,,,,,,,,,,,,,,,,,,,,,,,
17-221,2017,present,Polemonium viscosum,Sweet,7/11/17,Rocky Mtn NP,Colorado,3586,,krummholz,,Nicole Miller-Struttmann et al. ,no,,*1st PRIORITY,yes,1.19,1.37,1.83,0.94,0.71,,*2nd PRIORITY,no,171,7,92,7,,,,,,,,,,,,,,,,,,,,,,,
17-222,2017,present,Polemonium viscosum,Sweet,7/11/17,Rocky Mtn NP,Colorado,3586,,krummholz,,Nicole Miller-Struttmann et al. ,no,,*1st PRIORITY,yes,1.2,1.8,1.9,0.89,0.51,,*2nd PRIORITY,yes,38,13,1171,5,,,,,,,,,,,,,,,,,,,,,,,
17-225,2017,present,Polemonium viscosum,Sweet,7/11/17,Rocky Mtn NP,Colorado,3586,,krummholz,,Nicole Miller-Struttmann et al. ,no,,*1st PRIORITY,yes,1.53,1.12,1.17,1.04,0.74,,*2nd PRIORITY,yes,179,55,3,1,,,,,,,,,,,,,,,,,,,,,,,
17-219,2017,present,Polemonium viscosum,Sweet,7/11/17,Rocky Mtn NP,Colorado,3586,,krummholz,,Nicole Miller-Struttmann et al. ,no,,*2nd PRIORITY,yes,1.49,1.33,1.71,0.67,0.62,,Dissection finished,yes,69,28,127,4,,,,,,,,,,,,,,,,,,,,,,,
17-182,2017,present,Polemonium viscosum,Skunky,7/9/17,Niwot Ridge,Colorado,3471,,krummholz,,Nicole Miller-Struttmann et al. ,no,,*last PRIORITY,,,,,,,,Dissection finished,yes,122,22,36,4,,,,,,,,,,,,,,,,,,,,,,,
17-111,2017,present,Polemonium viscosum,Sweet,7/3/17,Penn Mountain,Colorado,3955,,high alpine,,Nicole Miller-Struttmann et al. ,no,,*last PRIORITY,,,,,,,,*last PRIORITY,,,,,,,,,,,,,,,,,,,,,,,,,,,,
17-117,2017,present,Polemonium viscosum,Sweet,7/3/17,Penn Mountain,Colorado,3955,,high alpine,,Nicole Miller-Struttmann et al. ,no,,*last PRIORITY,,,,,,,,*last PRIORITY,,,,,,,,,,,,,,,,,,,,,,,,,,,,
17-129,2017,present,Polemonium viscosum,Sweet,7/3/17,Penn Mountain,Colorado,3955,,high alpine,,Nicole Miller-Struttmann et al. ,no,,*last PRIORITY,,,,,,,,*last PRIORITY,,,,,,,,,,,,,,,,,,,,,,,,,,,,
17-115,2017,present,Polemonium viscosum,Sweet,7/3/17,Penn Mountain,Colorado,3955,,high alpine,,Nicole Miller-Struttmann et al. ,no,,*last PRIORITY,,,,,,,,*last PRIORITY,,,,,,,,,,,,,,,,,,,,,,,,,,,,
17-137,2017,present,Polemonium viscosum,Skunky,7/3/17,Penn Mountain,Colorado,3573,,krummholz,,Nicole Miller-Struttmann et al. ,no,,*last PRIORITY,,,,,,,,*last PRIORITY,,,,,,,,,,,,,,,,,,,,,,,,,,,,
17-138,2017,present,Polemonium viscosum,Skunky,7/3/17,Penn Mountain,Colorado,3573,,krummholz,,Nicole Miller-Struttmann et al. ,no,,*last PRIORITY,,,,,,,,*last PRIORITY,,,,,,,,,,,,,,,,,,,,,,,,,,,,
17-135,2017,present,Polemonium viscosum,Skunky,7/3/17,Penn Mountain,Colorado,3573,,krummholz,,Nicole Miller-Struttmann et al. ,no,,*last PRIORITY,,,,,,,,*last PRIORITY,,,,,,,,,,,,,,,,,,,,,,,,,,,,
17-084,2017,present,Polemonium viscosum,Sweet,7/2/17,Penn Mountain,Colorado,3573,,krummholz,,Nicole Miller-Struttmann et al. ,no,,*last PRIORITY,,,,,,,,*last PRIORITY,,,,,,,,,,,,,,,,,,,,,,,,,,,,
17-080,2017,present,Polemonium viscosum,Sweet,7/2/17,Penn Mountain,Colorado,3573,,krummholz,,Nicole Miller-Struttmann et al. ,no,,*last PRIORITY,,,,,,,,*last PRIORITY,,,,,,,,,,,,,,,,,,,,,,,,,,,,
17-233,2017,present,Polemonium viscosum,Sweet,7/11/17,Rocky Mtn NP,Colorado,3739,,high alpine,,Nicole Miller-Struttmann et al. ,no,Sw-2,*last PRIORITY,,,,,,,,*last PRIORITY,,,,,,,,,,,,,,,,,,,,,,,,,,,,
17-171,2017,present,Polemonium viscosum,Sweet,7/8/17,Niwot Ridge,Colorado,3746,,high alpine,,Nicole Miller-Struttmann et al. ,no,,*last PRIORITY,,,,,,,,*last PRIORITY,,,,,,,,,,,,,,,,,,,,,,,,,,,,
17-170,2017,present,Polemonium viscosum,Sweet,7/8/17,Niwot Ridge,Colorado,3746,,high alpine,,Nicole Miller-Struttmann et al. ,no,,*last PRIORITY,,,,,,,,*last PRIORITY,,,,,,,,,,,,,,,,,,,,,,,,,,,,
17-169,2017,present,Polemonium viscosum,Sweet,7/8/17,Niwot Ridge,Colorado,3746,,high alpine,,Nicole Miller-Struttmann et al. ,no,,*last PRIORITY,,,,,,,,*last PRIORITY,,,,,,,,,,,,,,,,,,,,,,,,,,,,
17-172,2017,present,Polemonium viscosum,Sweet,7/9/17,Niwot Ridge,Colorado,3471,,krummholz,,Nicole Miller-Struttmann et al. ,no,,*last PRIORITY,,,,,,,,*last PRIORITY,,,,,,,,,,,,,,,,,,,,,,,,,,,,
17-177,2017,present,Polemonium viscosum,Sweet,7/9/17,Niwot Ridge,Colorado,3471,,krummholz,,Nicole Miller-Struttmann et al. ,no,,*last PRIORITY,,,,,,,,*last PRIORITY,,,,,,,,,,,,,,,,,,,,,,,,,,,,
17-173,2017,present,Polemonium viscosum,Sweet,7/9/17,Niwot Ridge,Colorado,3471,,krummholz,,Nicole Miller-Struttmann et al. ,no,,*last PRIORITY,,,,,,,,*last PRIORITY,,,,,,,,,,,,,,,,,,,,,,,,,,,,
17-123,2017,present,Polemonium viscosum,Skunky,7/3/17,Penn Mountain,Colorado,3955,,high alpine,,Nicole Miller-Struttmann et al. ,no,,*last PRIORITY,,,,,,,,*last PRIORITY,,,,,,,,,,,,,,,,,,,,,,,,,,,,
17-113,2017,present,Polemonium viscosum,Skunky,7/3/17,Penn Mountain,Colorado,3955,,high alpine,,Nicole Miller-Struttmann et al. ,no,,*last PRIORITY,,,,,,,,*last PRIORITY,,,,,,,,,,,,,,,,,,,,,,,,,,,,
17-118,2017,present,Polemonium viscosum,Skunky,7/3/17,Penn Mountain,Colorado,3955,,high alpine,,Nicole Miller-Struttmann et al. ,no,,*last PRIORITY,,,,,,,,*last PRIORITY,,,,,,,,,,,,,,,,,,,,,,,,,,,,
17-235,2017,present,Polemonium viscosum,Sweet,7/11/17,Rocky Mtn NP,Colorado,3739,,high alpine,,Nicole Miller-Struttmann et al. ,no,Sw-4,*last PRIORITY,,,,,,,,*last PRIORITY,,,,,,,,,,,,,,,,,,,,,,,,,,,,
17-240,2017,present,Polemonium viscosum,Sweet,7/11/17,Rocky Mtn NP,Colorado,3739,,high alpine,,Nicole Miller-Struttmann et al. ,no,Sw-9,*last PRIORITY,,,,,,,,*last PRIORITY,,,,,,,,,,,,,,,,,,,,,,,,,,,,
6,1985,past,Polemonium viscosum,Skunky,7/16/85,Rocky Mtn NP,Colorado,3565,"11,700",low alpine,low tundra,Candace Galen,,*last priority; couldn't relocate the exact location,*last PRIORITY,,,,,,,,*last PRIORITY,,,,,,,,,,,,,,,,,,,,,,,,,,,,
7,1985,past,Polemonium viscosum,Skunky,7/16/85,Rocky Mtn NP,Colorado,3565,"11,700",low alpine,low tundra,Candace Galen,,2 stigmas already removed & counted; *last priority; couldn't relocate the exact location; 2 stigmas already removed & counted; *WE DO NOT NEED TO DISSECT: didn't resample this location,*last PRIORITY,,,,,,,,*last PRIORITY,,,,,,,,,,,,,,,2,27,92.5,,1,18,69,2,36,116,,,,
8,1985,past,Polemonium viscosum,Skunky,7/16/85,Rocky Mtn NP,Colorado,3565,"11,700",low alpine,low tundra,Candace Galen,,2 stigmas already removed & counted; *last priority; couldn't relocate the exact location; 2 stigmas already removed & counted; *WE DO NOT NEED TO DISSECT: didn't resample this location,*last PRIORITY,,,,,,,,*last PRIORITY,,,,,,,,,,,,,,,2,8.5,55,,1,7,36,2,10,74,,,,sweet on herbarium sheet but skunky in Carlie's notes
10,1985,past,Polemonium viscosum,Sweet,7/16/85,Rocky Mtn NP,Colorado,3565,"11,700",low alpine,low tundra,Candace Galen,,2 stigmas already removed & counted; *last priority; couldn't relocate the exact location; 2 stigmas already removed & counted; *WE DO NOT NEED TO DISSECT: didn't resample this location,*last PRIORITY,,,,,,,,*last PRIORITY,,,,,,,,,,,,,22.63,10.43,2,20.5,126,0.139932,1,24,78,2,17,174,,,,
12,1985,past,Polemonium viscosum,Sweet,7/16/85,Rocky Mtn NP,Colorado,3565,"11,700",low alpine,low tundra,Candace Galen,,2 stigmas already removed & counted; *last priority; couldn't relocate the exact location; 2 stigmas already removed & counted; *WE DO NOT NEED TO DISSECT: didn't resample this location,*last PRIORITY,,,,,,,,*last PRIORITY,,,,,,,,,,,,,25.89,10.89,2,7.5,38.5,0.163043,1,4,13,2,11,64,,,,
2,1985,past,Polemonium viscosum,Skunky,7/16/85,Rocky Mtn NP,Colorado,3565,"11,700",low alpine,low tundra,Candace Galen,yes,*last priority; couldn't relocate the exact location,*last PRIORITY,,,,,,,,*last PRIORITY,,,,,,,,,,,,,,,,,,,,,,,,,,,,
5,1985,past,Polemonium viscosum,Skunky,7/16/85,Rocky Mtn NP,Colorado,3565,"11,700",low alpine,low tundra,Candace Galen,yes,*last priority; couldn't relocate the exact location,*last PRIORITY,,,,,,,,*last PRIORITY,,,,,,,,,,,,,,,,,,,,,,,,,,,,
9,1985,past,Polemonium viscosum,Sweet,7/16/85,Rocky Mtn NP,Colorado,3565,"11,700",low alpine,low tundra,Candace Galen,yes,*last priority; couldn't relocate the exact location,*last PRIORITY,,,,,,,,*last PRIORITY,,,,,,,,,,,,,,,,,,,,,,,,,,,,
11,1985,past,Polemonium viscosum,Sweet,7/16/85,Rocky Mtn NP,Colorado,3565,"11,700",low alpine,low tundra,Candace Galen,yes,*last priority; couldn't relocate the exact location,*last PRIORITY,,,,,,,,*last PRIORITY,,,,,,,,,,,,,,,,,,,,,,,,,,,,
#05-01-01,1985,past,Polemonium viscosum,Skunky,7/16/85,Rocky Mtn NP,Colorado,3565,"11,700",low alpine,low tundra,Candace Galen,yes,*last priority; couldn't relocate the exact location,*last PRIORITY,,,,,,,,*last PRIORITY,,,,,,,,,,,,,,,,,,,,,,,,,,,,
#05-01-08,1985,past,Polemonium viscosum,Sweet,7/16/85,Rocky Mtn NP,Colorado,3565,"11,700",low alpine,low tundra,Candace Galen,yes,*last priority; couldn't relocate the exact location,*last PRIORITY,,,,,,,,*last PRIORITY,,,,,,,,,,,,,,,,,,,,,,,,,,,,
43,1985,past,Polemonium viscosum,Sweet,7/4/85,Penn Mountain,Colorado,3600,"11,810",krummholz,,Candace Galen,yes,*WE DO NOT NEED TO DISSECT: didn't resample this location,no measurements - didn't recollect at this location,,,,,,,,,no measurements - didn't recollect at this location,,,,,,,,,,,,,,,,,,,,,,,,,,,
44,1985,past,Polemonium viscosum,Skunky,7/4/85,Penn Mountain,Colorado,3600,"11,810",krummholz,,Candace Galen,yes,*WE DO NOT NEED TO DISSECT: didn't resample this location,no measurements - didn't recollect at this location,,,,,,,,,no measurements - didn't recollect at this location,,,,,,,,,,,,,,,,,,,,,,,,,,,
33,1985,past,Polemonium viscosum,Skunky,7/4/85,Penn Mountain,Colorado,3660,"12,007",low alpine,"Flat 1, tundra",Candace Galen,,*WE DO NOT NEED TO DISSECT: didn't resample this location,no measurements - didn't recollect at this location,,,,,,,,,no measurements - didn't recollect at this location,,,,,,,,,,,,,,,,,,,,,,,,,,,
36,1985,past,Polemonium viscosum,Sweet,7/4/85,Penn Mountain,Colorado,3660,"12,007",low alpine,"Flat 1, tundra",Candace Galen,,*WE DO NOT NEED TO DISSECT: didn't resample this location,no measurements - didn't recollect at this location,,,,,,,,,no measurements - didn't recollect at this location,,,,,,,,,,,,,,,,,,,,,,,,,,,
40,1985,past,Polemonium viscosum,Skunky,7/4/85,Penn Mountain,Colorado,3660,"12,005",low alpine,flat 1,Candace Galen,,2 stigmas already removed & counted; *WE DO NOT NEED TO DISSECT: didn't resample this location,no measurements - didn't recollect at this location,,,,,,,,,no measurements - didn't recollect at this location,,,,,,,,,,,,19.51,6.33,2,24.5,34,0.418803,1,32,38,2,17,30,,,,
#3-2-31,1985,past,Polemonium viscosum,Skunky,7/4/85,Penn Mountain,Colorado,3660,"12,007",low alpine,"Flat 1, tundra",Candace Galen,yes,*WE DO NOT NEED TO DISSECT: didn't resample this location,no measurements - didn't recollect at this location,,,,,,,,,no measurements - didn't recollect at this location,,,,,,,,,,,,,,,,,,,,,,,,,,,
#3-2-34,1985,past,Polemonium viscosum,Sweet,7/4/85,Penn Mountain,Colorado,3660,"12,007",low alpine,"Flat 1, tundra",Candace Galen,yes,*WE DO NOT NEED TO DISSECT: didn't resample this location,no measurements - didn't recollect at this location,,,,,,,,,no measurements - didn't recollect at this location,,,,,,,,,,,,,,,,,,,,,,,,,,,
32,1985,past,Polemonium viscosum,Skunky,7/4/85,Penn Mountain,Colorado,3700,"12,135",alpine,,Candace Galen,yes,*WE DO NOT NEED TO DISSECT: didn't resample this location,no measurements - didn't recollect at this location,,,,,,,,,no measurements - didn't recollect at this location,,,,,,,,,,,,,,,,,,,,,,,,,,,
35,1985,past,Polemonium viscosum,Sweet,7/4/85,Penn Mountain,Colorado,3700,"12,139",alpine,,Candace Galen,yes,*WE DO NOT NEED TO DISSECT: didn't resample this location,no measurements - didn't recollect at this location,,,,,,,,,no measurements - didn't recollect at this location,,,,,,,,,,,,,,,,,,,,,,,,,,,
37,1985,past,Polemonium viscosum,Skunky,7/4/85,Penn Mountain,Colorado,3700,"12,135",alpine,,Candace Galen,yes,*WE DO NOT NEED TO DISSECT: didn't resample this location,no measurements - didn't recollect at this location,,,,,,,,,no measurements - didn't recollect at this location,,,,,,,,,,,,,,,,,,,,,,,,,,,
38,1985,past,Polemonium viscosum,Sweet,7/4/85,Penn Mountain,Colorado,3700,"12,135",alpine,,Candace Galen,yes,*WE DO NOT NEED TO DISSECT: didn't resample this location,no measurements - didn't recollect at this location,,,,,,,,,no measurements - didn't recollect at this location,,,,,,,,,,,,,,,,,,,,,,,,,,,
39,1985,past,Polemonium viscosum,Sweet,7/4/85,Penn Mountain,Colorado,3700,"12,135",alpine,,Candace Galen,yes,*WE DO NOT NEED TO DISSECT: didn't resample this location,no measurements - didn't recollect at this location,,,,,,,,,no measurements - didn't recollect at this location,,,,,,,,,,,,,,,,,,,,,,,,,,,
25,1985,past,Polemonium viscosum,Skunky,7/4/85,Penn Mountain,Colorado,3780,"12,401",alpine,"Flat 2, tundra",Candace Galen,,*WE DO NOT NEED TO DISSECT: didn't resample this location,no measurements - didn't recollect at this location,,,,,,,,,no measurements - didn't recollect at this location,,,,,,,,,,,,,,,,,,,,,,,,,,,
27,1985,past,Polemonium viscosum,Skunky,7/4/85,Penn Mountain,Colorado,3780,"12,401",alpine,"Flat 2, tundra",Candace Galen,,*WE DO NOT NEED TO DISSECT: didn't resample this location,no measurements - didn't recollect at this location,,,,,,,,,no measurements - didn't recollect at this location,,,,,,,,,,,,,,,,,,,,,,,,,,,
28,1985,past,Polemonium viscosum,Sweet,7/4/85,Penn Mountain,Colorado,3780,"12,401",alpine,"Flat 2, tundra",Candace Galen,,*WE DO NOT NEED TO DISSECT: didn't resample this location,no measurements - didn't recollect at this location,,,,,,,,,no measurements - didn't recollect at this location,,,,,,,,,,,,,,,,,,,,,,,,,,,
29,1985,past,Polemonium viscosum,Skunky,7/4/85,Penn Mountain,Colorado,3780,"12,401",alpine,"Flat 2, tundra",Candace Galen,,*WE DO NOT NEED TO DISSECT: didn't resample this location,no measurements - didn't recollect at this location,,,,,,,,,no measurements - didn't recollect at this location,,,,,,,,,,,,,,,,,,,,,,,,,,,
24,1985,past,Polemonium viscosum,Sweet,7/4/85,Penn Mountain,Colorado,3780,12401,alpine,flat 2,Candace Galen,,2 stigmas already removed & counted; *WE DO NOT NEED TO DISSECT: didn't resample this location,no measurements - didn't recollect at this location,,,,,,,,,no measurements - didn't recollect at this location,,,,,,,,,,,,24.88,8.48,2,16,34,0.32,1,24,63,2,8,5,,,,
30,1985,past,Polemonium viscosum,Sweet,7/4/85,Penn Mountain,Colorado,3780,12401,alpine,flat 2,Candace Galen,,2 stigmas already removed & counted; *WE DO NOT NEED TO DISSECT: didn't resample this location,no measurements - didn't recollect at this location,,,,,,,,,no measurements - didn't recollect at this location,,,,,,,,,,,,23.12,9.59,2,48.5,15,0.76378,1,68,4,2,29,26,,,,
#3-3-21,1985,past,Polemonium viscosum,Skunky,7/4/85,Penn Mountain,Colorado,3780,"12,401",alpine,"Flat 2, tundra",Candace Galen,yes,*WE DO NOT NEED TO DISSECT: didn't resample this location,no measurements - didn't recollect at this location,,,,,,,,,no measurements - didn't recollect at this location,,,,,,,,,,,,,,,,,,,,,,,,,,,
#3-3-23,1985,past,Polemonium viscosum,Sweet,7/4/85,Penn Mountain,Colorado,3780,"12,401",alpine,"Flat 2, tundra",Candace Galen,yes,*WE DO NOT NEED TO DISSECT: didn't resample this location,no measurements - didn't recollect at this location,,,,,,,,,no measurements - didn't recollect at this location,,,,,,,,,,,,,,,,,,,,,,,,,,,
22,1985,past,Polemonium viscosum,Skunky,7/4/85,Penn Mountain,Colorado,3800,"12,464",alpine,,Candace Galen,yes,*WE DO NOT NEED TO DISSECT: didn't resample this location,no measurements - didn't recollect at this location,,,,,,,,,no measurements - didn't recollect at this location,,,,,,,,,,,,,,,,,,,,,,,,,,,
26,1985,past,Polemonium viscosum,Sweet,7/4/85,Penn Mountain,Colorado,3800,"12,464",alpine,,Candace Galen,yes,*WE DO NOT NEED TO DISSECT: didn't resample this location,no measurements - didn't recollect at this location,,,,,,,,,no measurements - didn't recollect at this location,,,,,,,,,,,,,,,,,,,,,,,,,,,
13,1985,past,Polemonium viscosum,Skunky,7/4/85,Penn Mountain,Colorado,3880,"12,729",alpine,"back false summit, tundra",Candace Galen,,*WE DO NOT NEED TO DISSECT: didn't resample this location,no measurements - didn't recollect at this location,,,,,,,,,no measurements - didn't recollect at this location,,,,,,,,,,,,,,,,,,,,,,,,,,,
17,1985,past,Polemonium viscosum,Skunky,7/4/85,Penn Mountain,Colorado,3880,"12,729",alpine,"back false summit, tundra",Candace Galen,,2 stigmas already removed & counted; *WE DO NOT NEED TO DISSECT: didn't resample this location,no measurements - didn't recollect at this location,,,,,,,,,no measurements - didn't recollect at this location,,,,,,,,,,,,24.94,12.7,2,38.5,305,0.112082,1,44,254,2,33,356,,,,
18,1985,past,Polemonium viscosum,Sweet,7/4/85,Penn Mountain,Colorado,3880,"12,729",alpine,"back false summit, tundra",Candace Galen,,2 stigmas already removed & counted; *WE DO NOT NEED TO DISSECT: didn't resample this location,no measurements - didn't recollect at this location,,,,,,,,,no measurements - didn't recollect at this location,,,,,,,,,,,,,,2,3.5,110,0.030837,1,3,41,2,4,179,,,,
19,1985,past,Polemonium viscosum,Sweet,7/4/85,Penn Mountain,Colorado,3880,"12,729",alpine,"back false summit, tundra",Candace Galen,,2 stigmas already removed & counted; *WE DO NOT NEED TO DISSECT: didn't resample this location,no measurements - didn't recollect at this location,,,,,,,,,no measurements - didn't recollect at this location,,,,,,,,,,,,20.76,10.2,2,44.5,385.5,0.103488,1,46,423,2,43,348,,,,
#3-4-11,1985,past,Polemonium viscosum,Sweet,7/4/85,Penn Mountain,Colorado,3880,"12,729",alpine,"back false summit, tundra",Candace Galen,yes,*WE DO NOT NEED TO DISSECT: didn't resample this location,no measurements - didn't recollect at this location,,,,,,,,,no measurements - didn't recollect at this location,,,,,,,,,,,,,,,,,,,,,,,,,,,
#3-4-12,1985,past,Polemonium viscosum,Skunky,7/4/85,Penn Mountain,Colorado,3880,"12,729",alpine,"back false summit, tundra",Candace Galen,yes,*WE DO NOT NEED TO DISSECT: didn't resample this location,no measurements - didn't recollect at this location,,,,,,,,,no measurements - didn't recollect at this location,,,,,,,,,,,,,,,,,,,,,,,,,,,
16,1985,past,Polemonium viscosum,Sweet,7/16/85,Rocky Mtn NP,Colorado,3670,"12,040",low alpine,Tundra Curves,Candace Galen,,*WE DO NOT NEED TO DISSECT: didn't resample this location,no measurements - didn't recollect at this location,,,,,,,,,no measurements - didn't recollect at this location,,,,,,,,,,,,,,,,,,,,,,,,,,,
18,1985,past,Polemonium viscosum,Skunky,7/16/85,Rocky Mtn NP,Colorado,3670,"12,040",low alpine,Tundra Curves,Candace Galen,,2 stigmas already removed & counted; *WE DO NOT NEED TO DISSECT: didn't resample this location,no measurements - didn't recollect at this location,,,,,,,,,no measurements - didn't recollect at this location,,,,,,,,,,,,24.87,10.65,2,8,16,0.333333,1,13,12,2,3,20,,,,
19,1985,past,Polemonium viscosum,Sweet,7/16/85,Rocky Mtn NP,Colorado,3670,"12,040",low alpine,Tundra Curves,Candace Galen,,2 stigmas already removed & counted; *WE DO NOT NEED TO DISSECT: didn't resample this location,no measurements - didn't recollect at this location,,,,,,,,,no measurements - didn't recollect at this location,,,,,,,,,,,,26.25,8.38,2,50,5.5,0.900901,1,9,1,2,91,10,,,,
20,1985,past,Polemonium viscosum,Skunky,7/16/85,Rocky Mtn NP,Colorado,3670,"12,040",low alpine,Tundra Curves,Candace Galen,,2 stigmas already removed & counted; *WE DO NOT NEED TO DISSECT: didn't resample this location,no measurements - didn't recollect at this location,,,,,,,,,no measurements - didn't recollect at this location,,,,,,,,,,,,,,2,3.5,117.5,,1,0,48,2,7,187,,,,
22,1985,past,Polemonium viscosum,Skunky,7/16/85,Rocky Mtn NP,Colorado,3670,"12,040",low alpine,Tundra Curves,Candace Galen,,2 stigmas already removed & counted; *WE DO NOT NEED TO DISSECT: didn't resample this location,no measurements - didn't recollect at this location,,,,,,,,,no measurements - didn't recollect at this location,,,,,,,,,,,,24.39,10.4,2,9,37.5,0.193548,1,14,4,2,4,71,,,,
17,1985,past,Polemonium viscosum,Sweet,7/16/85,Rocky Mtn NP,Colorado,3670,"12,040",low alpine,Tundra Curves,Candace Galen,yes,2 stigmas already removed & counted; *WE DO NOT NEED TO DISSECT: didn't resample this location,no measurements - didn't recollect at this location,,,,,,,,,no measurements - didn't recollect at this location,,,,,,,,,,,,25.82,13.3,2,1,22.5,0.042553,1,1,28,2,1,17,,,,
15,1985,past,Polemonium viscosum,Sweet,7/16/85,Rocky Mtn NP,Colorado,3670,"12,040",low alpine,,Candace Galen,yes,*WE DO NOT NEED TO DISSECT: didn't resample this location,no measurements - didn't recollect at this location,,,,,,,,,no measurements - didn't recollect at this location,,,,,,,,,,,,,,,,,,,,,,,,,,,
21,1985,past,Polemonium viscosum,Skunky,7/16/85,Rocky Mtn NP,Colorado,3670,"12,040",low alpine,,Candace Galen,yes,*WE DO NOT NEED TO DISSECT: didn't resample this location,no measurements - didn't recollect at this location,,,,,,,,,no measurements - didn't recollect at this location,,,,,,,,,,,,,,,,,,,,,,,,,,,
#5-2-13,1985,past,Polemonium viscosum,Skunky,7/16/85,Rocky Mtn NP,Colorado,3670,"12,040",low alpine,tundra curves,Candace Galen,yes,*WE DO NOT NEED TO DISSECT: didn't resample this location,no measurements - didn't recollect at this location,,,,,,,,,no measurements - didn't recollect at this location,,,,,,,,,,,,,,,,,,,,,,,,,,,
#5-2-14,1985,past,Polemonium viscosum,Sweet,7/16/85,Rocky Mtn NP,Colorado,3670,"12,040",low alpine,tundra curves,Candace Galen,yes,*WE DO NOT NEED TO DISSECT: didn't resample this location,no measurements - didn't recollect at this location,,,,,,,,,no measurements - didn't recollect at this location,,,,,,,,,,,,,,,,,,,,,,,,,,,
21,1985,past,Polemonium viscosum,NA,7/17/85,San Francisco Peaks,Arizona,3596.64,"11,800",krummholz,,Candace Galen,,*WE DO NOT NEED TO DISSECT: didn't resample this location,no measurements - didn't recollect at this location,,,,,,,,,no measurements - didn't recollect at this location,,,,,,,,,,,,,,,,,,,,,,,,,,,
22,1985,past,Polemonium viscosum,NA,7/17/85,San Francisco Peaks,Arizona,3596.64,"11,800",krummholz,,Candace Galen,,*WE DO NOT NEED TO DISSECT,no measurements - didn't recollect at this location,,,,,,,,,no measurements - didn't recollect at this location,,,,,,,,,,,,,,,,,,,,,,,,,,,
23,1985,past,Polemonium viscosum,NA,7/17/85,San Francisco Peaks,Arizona,3596.64,"11,800",krummholz,,Candace Galen,,*WE DO NOT NEED TO DISSECT,no measurements - didn't recollect at this location,,,,,,,,,no measurements - didn't recollect at this location,,,,,,,,,,,,,,,,,,,,,,,,,,,
24,1985,past,Polemonium viscosum,NA,7/17/85,San Francisco Peaks,Arizona,3596.64,"11,800",krummholz,,Candace Galen,,*WE DO NOT NEED TO DISSECT,no measurements - didn't recollect at this location,,,,,,,,,no measurements - didn't recollect at this location,,,,,,,,,,,,,,,,,,,,,,,,,,,
#1-1-25,1985,past,Polemonium viscosum,Skunky,6/17/85,San Francisco Peaks,Arizona,3596.64,"11,800",krummholz,,Candace Galen,,*WE DO NOT NEED TO DISSECT,no measurements - didn't recollect at this location,,,,,,,,,no measurements - didn't recollect at this location,,,,,,,,,,,,,,,,,,,,,,,,,,,
,1985,past,Polemonium viscosum,NA,7/17/85,San Francisco Peaks,Arizona,3596.64,"11,800",krummholz,,Candace Galen,,*WE DO NOT NEED TO DISSECT,no measurements - didn't recollect at this location,,,,,,,,,no measurements - didn't recollect at this location,,,,,,,,,,,,,,,,,,,,,,,,,,,
1:00 AM,1985,past,Polemonium viscosum,Skunky,7/17/85,San Francisco Peaks,Arizona,3657.6,"12,000",,,Candace Galen,,*WE DO NOT NEED TO DISSECT,no measurements - didn't recollect at this location,,,,,,,,,no measurements - didn't recollect at this location,,,,,,,,,,,,,,,,,,,,,,,,,,,
1,1985,past,Polemonium viscosum,Skunky,6/17/85,San Francisco Peaks,Arizona,3703.32,"12,150",,,Candace Galen,,*WE DO NOT NEED TO DISSECT,no measurements - didn't recollect at this location,,,,,,,,,no measurements - didn't recollect at this location,,,,,,,,,,,,,,,,,,,,,,,,,,,
2,1985,past,Polemonium viscosum,Skunky,6/17/85,San Francisco Peaks,Arizona,3703.32,"12,150",,,Candace Galen,,*WE DO NOT NEED TO DISSECT,no measurements - didn't recollect at this location,,,,,,,,,no measurements - didn't recollect at this location,,,,,,,,,,,,,,,,,,,,,,,,,,,
5,1985,past,Polemonium viscosum,Skunky,6/17/85,San Francisco Peaks,Arizona,3703.32,"12,150",,,Candace Galen,,*WE DO NOT NEED TO DISSECT,no measurements - didn't recollect at this location,,,,,,,,,no measurements - didn't recollect at this location,,,,,,,,,,,,,,,,,,,,,,,,,,,
#1-2-3,1985,past,Polemonium viscosum,Skunky,6/17/85,San Francisco Peaks,Arizona,3703.32,"12,150",,,Candace Galen,,*WE DO NOT NEED TO DISSECT,no measurements - didn't recollect at this location,,,,,,,,,no measurements - didn't recollect at this location,,,,,,,,,,,,,,,,,,,,,,,,,,,
3,1985,past,Polemonium viscosum,NA,7/17/85,San Francisco Peaks,Arizona,3703.32,"12,150",,,Candace Galen,,*WE DO NOT NEED TO DISSECT,no measurements - didn't recollect at this location,,,,,,,,,no measurements - didn't recollect at this location,,,,,,,,,,,,,,,,,,,,,,,,,,,
4,1985,past,Polemonium viscosum,NA,7/17/85,San Francisco Peaks,Arizona,3703.32,"12,150",,,Candace Galen,,*WE DO NOT NEED TO DISSECT,no measurements - didn't recollect at this location,,,,,,,,,no measurements - didn't recollect at this location,,,,,,,,,,,,,,,,,,,,,,,,,,,
7,1985,past,Polemonium viscosum,NA,6/17/85,San Francisco Peaks,Arizona,3749.04,"12,300",alpine,,Candace Galen,,*WE DO NOT NEED TO DISSECT,no measurements - didn't recollect at this location,,,,,,,,,no measurements - didn't recollect at this location,,,,,,,,,,,,,,,,,,,,,,,,,,,
9,1985,past,Polemonium viscosum,NA,6/17/85,San Francisco Peaks,Arizona,3749.04,"12,300",alpine,,Candace Galen,,*WE DO NOT NEED TO DISSECT,no measurements - didn't recollect at this location,,,,,,,,,no measurements - didn't recollect at this location,,,,,,,,,,,,,,,,,,,,,,,,,,,
10,1985,past,Polemonium viscosum,NA,6/17/85,San Francisco Peaks,Arizona,3749.04,"12,300",alpine,,Candace Galen,,*WE DO NOT NEED TO DISSECT,no measurements - didn't recollect at this location,,,,,,,,,no measurements - didn't recollect at this location,,,,,,,,,,,,,,,,,,,,,,,,,,,
#1-3-6,1985,past,Polemonium viscosum,Sweet,6/17/85,San Francisco Peaks,Arizona,3749.04,"12,300",alpine,,Candace Galen,,*WE DO NOT NEED TO DISSECT,no measurements - didn't recollect at this location,,,,,,,,,no measurements - didn't recollect at this location,,,,,,,,,,,,,,,,,,,,,,,,,,,
#1-3-8,1985,past,Polemonium viscosum,Skunky,6/17/85,San Francisco Peaks,Arizona,3749.04,"12,300",alpine,,Candace Galen,,*WE DO NOT NEED TO DISSECT,no measurements - didn't recollect at this location,,,,,,,,,no measurements - didn't recollect at this location,,,,,,,,,,,,,,,,,,,,,,,,,,,
11,1985,past,Polemonium viscosum,NA,7/17/85,San Francisco Peaks,Arizona,3749.04,"12,300",alpine,,Candace Galen,,*WE DO NOT NEED TO DISSECT,no measurements - didn't recollect at this location,,,,,,,,,no measurements - didn't recollect at this location,,,,,,,,,,,,,,,,,,,,,,,,,,,
12,1985,past,Polemonium viscosum,NA,7/17/85,San Francisco Peaks,Arizona,3749.04,"12,300",alpine,,Candace Galen,,*WE DO NOT NEED TO DISSECT,no measurements - didn't recollect at this location,,,,,,,,,no measurements - didn't recollect at this location,,,,,,,,,,,,,,,,,,,,,,,,,,,
13,1985,past,Polemonium viscosum,NA,7/17/85,San Francisco Peaks,Arizona,3749.04,"12,300",alpine,,Candace Galen,,*WE DO NOT NEED TO DISSECT,no measurements - didn't recollect at this location,,,,,,,,,no measurements - didn't recollect at this location,,,,,,,,,,,,,,,,,,,,,,,,,,,
19,1985,past,Polemonium viscosum,NA,6/17/85,San Francisco Peaks,Arizona,,,alpine,Summit,Candace Galen,,*WE DO NOT NEED TO DISSECT,no measurements - didn't recollect at this location,,,,,,,,,no measurements - didn't recollect at this location,,,,,,,,,,,,,,,,,,,,,,,,,,,
20,1985,past,Polemonium viscosum,NA,6/17/85,San Francisco Peaks,Arizona,,,alpine,Summit,Candace Galen,,*WE DO NOT NEED TO DISSECT,no measurements - didn't recollect at this location,,,,,,,,,no measurements - didn't recollect at this location,,,,,,,,,,,,,,,,,,,,,,,,,,,
15,1985,past,Polemonium viscosum,NA,6/17/85,San Francisco Peaks,Arizona,,,,Humphreys Pk,Candace Galen,,*WE DO NOT NEED TO DISSECT,no measurements - didn't recollect at this location,,,,,,,,,no measurements - didn't recollect at this location,,,,,,,,,,,,,,,,,,,,,,,,,,,
16,1985,past,Polemonium viscosum,NA,6/17/85,San Francisco Peaks,Arizona,,,,Humphreys Pk,Candace Galen,,*WE DO NOT NEED TO DISSECT,no measurements - didn't recollect at this location,,,,,,,,,no measurements - didn't recollect at this location,,,,,,,,,,,,,,,,,,,,,,,,,,,
17,1985,past,Polemonium viscosum,NA,6/17/85,San Francisco Peaks,Arizona,,,,Humphreys Pk,Candace Galen,,*WE DO NOT NEED TO DISSECT,no measurements - didn't recollect at this location,,,,,,,,,no measurements - didn't recollect at this location,,,,,,,,,,,,,,,,,,,,,,,,,,,
18,1985,past,Polemonium viscosum,NA,6/17/85,San Francisco Peaks,Arizona,,,,Humphreys Pk,Candace Galen,,*WE DO NOT NEED TO DISSECT: didn't resample this location,no measurements - didn't recollect at this location,,,,,,,,,no measurements - didn't recollect at this location,,,,,,,,,,,,,,,,,,,,,,,,,,,